"ST_SCHID","NAME","TREAT","ENROLLMENT_1819","White_Pct_1920","Hispanic_Pct_1920","Econ_Dis_Pct","MATH_PCT_PASS_1819","ELA_PCT_PASS_1819","GRADE_9_ENROLL_IDOE_1819","Grad_Rate_Non_Waiver_2019","SWD_Pct","Diploma_Pct_Honors_2017","Diploma_Pct_Core_40_2017","Coll_Enrl_Pct_2017","Need_Remed_Pct_2017","Earned_Dual_Credit","SAT_No_SAT_data","SAT_1200-1600","No_AP","Passed_AP"
"IN-5075-4911","Bedford-North Lawrence High School",1,1483,0.93606998654105,0.0302826379542396,0.432705248990579,0.323353293413174,0.553191489361702,388,0.7622,0.166554281861092,0.393728222996516,0.299651567944251,0.609756097560976,0.0418118466898955,0.571428571428571,0.341463414634146,0.139372822299652,0.588850174216028,0.128919860627178
"IN-2475-2083","Franklin County High",1,764,0.972602739726027,0.010958904109589,0.4,0.260115606936416,0.61271676300578,200,0.7327,0.136125654450262,0.403061224489796,0.362244897959184,0.510204081632653,0.0408163265306122,0.714285714285714,0.525510204081633,0.0816326530612245,0.795918367346939,0.0153061224489796
"IN-8525-9137","Frontier Jr-Sr High School",1,313,0.96,0.0166666666666667,0.283333333333333,0.291666666666667,0.729166666666667,54,0.7,0.140575079872204,0.541666666666667,0.354166666666667,0.791666666666667,0.0416666666666667,0.958333333333333,0.1875,0.104166666666667,0.729166666666667,0.0833333333333333
"IN-3945-3239","Jay County High School",1,1003,0.908315565031983,0.0735607675906183,0.47228144989339,0.245192307692308,0.44390243902439,255,0.7984,0.207377866400798,0.404858299595142,0.360323886639676,0.558704453441296,0.0323886639676113,0.842105263157895,0.477732793522267,0.0728744939271255,0.963562753036437,0.0161943319838057
"IN-0875-0701","Logansport Community High School",1,1219,0.486682808716707,0.428571428571429,0.556093623890234,0.488549618320611,0.591603053435115,329,0.8189,0.114848236259229,0.327659574468085,0.574468085106383,0.595744680851064,0.0212765957446809,0.753191489361702,0.395744680851064,0.0553191489361702,0.71063829787234,0.051063829787234
"IN-3115-2565","New Palestine High School",1,1183,0.929180887372014,0.0290102389078498,0.214163822525597,0.45583038869258,0.773049645390071,288,0.8576,0.131868131868132,0.470833333333333,0.504166666666667,0.733333333333333,0.0458333333333333,0.654166666666667,0.258333333333333,0.1625,0.475,0.208333333333333
"IN-2275-1733","Northridge High School",1,1405,0.828057553956835,0.117985611510791,0.256115107913669,0.458333333333333,0.633928571428571,364,0.8399,0.106761565836299,0.39202657807309,0.504983388704319,0.674418604651163,0.0332225913621262,0.730897009966777,0.352159468438538,0.186046511627907,0.764119601328904,0.18936877076412
"IN-6155-6581","Paoli Jr & Sr High School",1,655,0.946540880503145,0.0235849056603774,0.465408805031447,0.375,0.609195402298851,120,0.6,0.16030534351145,0.349397590361446,0.421686746987952,0.530120481927711,0.108433734939759,0.855421686746988,0.469879518072289,0.0843373493975904,0.650602409638554,0.156626506024096
"IN-6375-6654","Parke Heritage High School",1,336,0.938837920489297,0.0214067278287462,0.489296636085627,0.157303370786517,0.617977528089888,83,0.8256,0.223214285714286,0.395061728395062,0.432098765432099,0.802469135802469,0.111111111111111,0.802469135802469,0.296296296296296,0.111111111111111,0.641975308641975,0.111111111111111
"IN-6080-6513","Rising Sun High School",1,256,0.9609375,0.01953125,0.38671875,0.180555555555556,0.583333333333333,67,0.875,0.22265625,0.377777777777778,0.555555555555556,0.6,0.0444444444444444,0.822222222222222,0.533333333333333,0.111111111111111,0.933333333333333,0
"IN-8115-8737","Seeger Memorial Jr-Sr High School",1,574,0.942959001782531,0.0374331550802139,0.379679144385027,0.471264367816092,0.781609195402299,90,0.9811,0.179442508710801,0.442857142857143,0.528571428571429,0.6,0.114285714285714,0.842857142857143,0.328571428571429,0.0571428571428571,0.485714285714286,0.171428571428571
"IN-3055-2463","Sheridan High School",1,310,0.933753943217666,0.0441640378548896,0.406940063091483,0.36,0.653333333333333,78,0.8721,0.206451612903226,0.373134328358209,0.402985074626866,0.686567164179104,0.0298507462686567,0.492537313432836,0.358208955223881,0.0895522388059701,0.582089552238806,0.149253731343284
"IN-5520-5985","Shoals Community Jr-Sr High School",1,194,0.974489795918367,0.0102040816326531,0.566326530612245,0.333333333333333,0.666666666666667,51,0.7551,0.22680412371134,0.27906976744186,0.348837209302326,0.534883720930233,0.162790697674419,0.627906976744186,0.534883720930233,0.0232558139534884,0.720930232558139,0.0465116279069767
"IN-2110-1588","Southridge High School",1,523,0.746,0.234,0.39,0.43801652892562,0.603305785123967,120,0.7466,0.112810707456979,0.323529411764706,0.392156862745098,0.666666666666667,0.137254901960784,0.705882352941177,0.480392156862745,0.156862745098039,0.715686274509804,0.0882352941176471
"IN-6825-7125","Winchester Community High School",1,422,0.938534278959811,0.0401891252955083,0.470449172576832,0.274509803921569,0.415841584158416,97,0.8218,0.130331753554502,0.266666666666667,0.476190476190476,0.561904761904762,0.0476190476190476,0.60952380952381,0.428571428571429,0.104761904761905,0.666666666666667,0.152380952380952
"IN-0015-0021","Adams Central High School",0,374,0.940845070422535,0.028169014084507,0.211267605633803,0.490196078431373,0.705882352941177,78,0.9596,0.0588235294117647,0.452631578947368,0.410526315789474,0.589473684210526,0.0315789473684211,0.705263157894737,0.431578947368421,0.115789473684211,0.536842105263158,0.168421052631579
"IN-7615-7893","Angola High School",0,888,0.83510011778563,0.118963486454653,0.366313309776207,0.323076923076923,0.586734693877551,217,0.7048,0.11036036036036,0.388157894736842,0.381578947368421,0.552631578947368,0.0197368421052632,0.585526315789474,0.407894736842105,0.157894736842105,0.625,0.177631578947368
"IN-5470-5937","Argos Comm Jr-Sr High School",0,308,0.929663608562691,0.0489296636085627,0.415902140672783,0.465116279069767,0.581395348837209,63,0.7679,0.155844155844156,0.404761904761905,0.476190476190476,0.666666666666667,0,0.476190476190476,0.380952380952381,0.19047619047619,0.404761904761905,0.30952380952381
"IN-2435-2053","Attica High School",0,328,0.903225806451613,0.0580645161290323,0.438709677419355,0.27906976744186,0.534883720930233,44,0.96,0.182926829268293,0.145833333333333,0.5625,0.583333333333333,0.0416666666666667,0.666666666666667,0.479166666666667,0.0625,0.75,0.0833333333333333
"IN-7230-7629","Austin High School",0,376,0.962059620596206,0.021680216802168,0.596205962059621,0.270588235294118,0.541176470588235,86,0.6296,0.210106382978723,0.370786516853933,0.471910112359551,0.49438202247191,0.0224719101123595,0.730337078651685,0.415730337078652,0.0337078651685393,1,0
"IN-1315-1069","Barr Reeve Middle/High School",0,443,0.963597430406852,0.0214132762312634,0.276231263383298,0.728813559322034,0.898305084745763,59,0.9773,0.126410835214447,0.571428571428571,0.321428571428571,0.678571428571429,0.0357142857142857,0.607142857142857,0.285714285714286,0.321428571428571,0.803571428571429,0.160714285714286
"IN-6895-7217","Batesville High School",0,701,0.925394548063128,0.0444763271162123,0.206599713055954,0.646341463414634,0.774390243902439,179,0.8808,0.141226818830243,0.567901234567901,0.339506172839506,0.740740740740741,0.0246913580246914,0.864197530864197,0.209876543209877,0.265432098765432,0.746913580246914,0.197530864197531
"IN-0395-0445","Benton Central Jr-Sr High School",0,855,0.885985748218527,0.0807600950118765,0.41686460807601,0.330827067669173,0.699248120300752,167,0.9145,0.235087719298246,0.383458646616541,0.511278195488722,0.661654135338346,0.0601503759398496,0.736842105263158,0.278195488721804,0.0827067669172932,0.503759398496241,0.112781954887218
"IN-0515-0489","Blackford High School",0,511,0.926530612244898,0.0312925170068027,0.552380952380952,0.205357142857143,0.526785714285714,120,0.9302,0.162426614481409,0.338582677165354,0.488188976377953,0.503937007874016,0.0236220472440945,0.653543307086614,0.582677165354331,0.102362204724409,0.818897637795276,0.0393700787401575
"IN-2920-2419","Bloomfield Jr-Sr High School",0,381,0.940568475452196,0.0284237726098191,0.364341085271318,0.318181818181818,0.575757575757576,68,0.9574,0.162729658792651,0.39344262295082,0.573770491803279,0.819672131147541,0.180327868852459,0.836065573770492,0,0.131147540983607,0.688524590163934,0.0163934426229508
"IN-3405-2801","Blue River Valley Jr-Sr High Sch",0,293,0.952054794520548,0.0136986301369863,0.414383561643836,0.319148936170213,0.553191489361702,47,0.8049,0.119453924914676,0.306122448979592,0.63265306122449,0.612244897959184,0.0816326530612245,0.469387755102041,0.326530612244898,0.142857142857143,0.612244897959184,0.163265306122449
"IN-8445-9089","Bluffton High School",0,478,0.859913793103448,0.0711206896551724,0.46551724137931,0.53448275862069,0.629310344827586,132,0.9811,0.140167364016736,0.44,0.47,0.49,0.03,0.7,0.36,0.05,0.92,0.01
"IN-6520-6838","Boone Grove High School",0,528,0.836614173228346,0.118110236220472,0.273622047244095,0.407407407407407,0.743119266055046,132,0.8409,0.202651515151515,0.229357798165138,0.642201834862385,0.697247706422018,0.018348623853211,0.642201834862385,0.348623853211009,0.119266055045872,1,0
"IN-8130-8789","Boonville High School",0,919,0.941872981700754,0.0139935414424112,0.452099031216362,0.391111111111111,0.542222222222222,219,0.7181,0.219804134929271,0.21875,0.5625,0.557291666666667,0.0885416666666667,0.453125,0.53125,0.0885416666666667,0.765625,0.0677083333333333
"IN-5480-5941","Bremen Senior High School",0,509,0.704819277108434,0.271084337349398,0.34136546184739,0.415254237288136,0.726495726495726,145,0.9127,0.147347740667976,0.238938053097345,0.610619469026549,0.654867256637168,0.079646017699115,0.619469026548673,0.380530973451327,0.106194690265487,0.849557522123894,0.0619469026548673
"IN-0670-0573","Brown County High School",0,619,0.922010398613518,0.0363951473136915,0.405545927209705,0.315068493150685,0.575342465753425,148,0.8472,0.20032310177706,0.294117647058824,0.418300653594771,0.568627450980392,0.065359477124183,0.516339869281046,0.143790849673203,0.137254901960784,0.57516339869281,0.228758169934641
"IN-3695-3126","Brownstown Central High School",0,563,0.960674157303371,0.0262172284644195,0.318352059925094,0.40650406504065,0.604838709677419,148,0.9474,0.119005328596803,0.361344537815126,0.394957983193277,0.605042016806723,0.0756302521008403,0.882352941176471,0.394957983193277,0.159663865546218,0.647058823529412,0.142857142857143
"IN-0225-0091","Carroll High School",0,2412,0.853808353808354,0.0442260442260442,0.178951678951679,0.51219512195122,0.80327868852459,597,0.9383,0.107794361525705,0.550403225806452,0.356854838709677,0.782258064516129,0.0584677419354839,0.723790322580645,0.189516129032258,0.30241935483871,0.481854838709677,0.387096774193548
"IN-0750-0621","Carroll Senior High School",0,324,0.937106918238994,0.0345911949685535,0.29874213836478,0.625,0.7375,84,0.881,0.104938271604938,0.4375,0.385416666666667,0.65625,0.0833333333333333,0.552083333333333,0.375,0.197916666666667,0.552083333333333,0.125
"IN-3335-2692","Cascade Senior High School",0,431,0.946784922394678,0.0155210643015521,0.241685144124169,0.533980582524272,0.796116504854369,117,0.9519,0.122969837587007,0.443396226415094,0.443396226415094,0.584905660377358,0.0660377358490566,0.69811320754717,0.273584905660377,0.122641509433962,0.679245283018868,0.150943396226415
"IN-2650-2159","Caston Jr-Sr High School",0,377,0.896551724137931,0.0769230769230769,0.352785145888594,0.244444444444444,0.6,61,0.7609,0.124668435013263,0.3,0.583333333333333,0.516666666666667,0.0333333333333333,0.75,0.333333333333333,0.05,0.833333333333333,0.0333333333333333
"IN-8360-8981","Centerville Sr High School",0,491,0.924752475247525,0.0198019801980198,0.35049504950495,0.401709401709402,0.735042735042735,144,0.9138,0.0896130346232179,0.505494505494505,0.373626373626374,0.747252747252747,0.043956043956044,0.78021978021978,0.296703296703297,0.175824175824176,0.648351648351648,0.230769230769231
"IN-6055-6453","Central Noble Junior Senior HS",0,733,0.959785522788204,0.0241286863270777,0.398123324396783,0.166666666666667,0.477777777777778,107,0.8198,0.189631650750341,0.260869565217391,0.478260869565217,0.478260869565217,0.0434782608695652,0.565217391304348,0.521739130434783,0.0652173913043478,0.706521739130435,0.0543478260869565
"IN-1010-0821","Charlestown Senior High School",0,691,0.814814814814815,0.106837606837607,0.444444444444444,0.209302325581395,0.651162790697674,164,0.9091,0.140376266280753,0.34640522875817,0.542483660130719,0.607843137254902,0.0326797385620915,0.712418300653595,0.928104575163399,0.0326797385620915,0.666666666666667,0.111111111111111
"IN-8625-9193","Churubusco Jr-Sr High School",0,642,0.94478527607362,0.0245398773006135,0.242331288343558,0.298850574712644,0.586206896551724,89,0.8966,0.149532710280374,0.362637362637363,0.593406593406593,0.648351648351648,0.0549450549450549,0.604395604395604,0.307692307692308,0.10989010989011,0.747252747252747,0.043956043956044
"IN-1125-0897","Clay City Jr-Sr High School",0,371,0.96640826873385,0.0155038759689922,0.351421188630491,0.338709677419355,0.564516129032258,72,0.8868,0.107816711590297,0.462962962962963,0.37037037037037,0.703703703703704,0.111111111111111,0.833333333333333,0.37037037037037,0.166666666666667,0.759259259259259,0.0185185185185185
"IN-1150-0957","Clinton Central Junior-Senior HS",0,421,0.92822966507177,0.0526315789473684,0.399521531100478,0.393939393939394,0.696969696969697,79,0.8806,0.149643705463183,0.353846153846154,0.0461538461538462,0.692307692307692,0.0307692307692308,0.661538461538462,0.323076923076923,0.107692307692308,0.523076923076923,0.169230769230769
"IN-1160-0977","Clinton Prairie Jr-Sr High School",0,572,0.904235727440147,0.0810313075506446,0.394106813996317,0.207792207792208,0.61038961038961,104,0.8736,0.127622377622378,0.405797101449275,0.391304347826087,0.652173913043478,0.072463768115942,0.666666666666667,0.347826086956522,0.144927536231884,0.536231884057971,0.231884057971014
"IN-6750-7077","Cloverdale High School",0,359,0.913544668587896,0.0288184438040346,0.475504322766571,0.451219512195122,0.853658536585366,88,0.9663,0.105849582172702,0.294871794871795,0.538461538461538,0.641025641025641,0.0769230769230769,0.730769230769231,0.358974358974359,0.102564102564103,0.615384615384615,0.141025641025641
"IN-8665-9187","Columbia City High School",0,1107,0.92,0.0318181818181818,0.243636363636364,0.194139194139194,0.523809523809524,291,0.8618,0.136404697380307,0.458515283842795,0.436681222707424,0.637554585152838,0.0567685589519651,0.707423580786026,0.270742358078603,0.131004366812227,0.624454148471616,0.135371179039301
"IN-2395-1889","Connersville Sr High School",0,1028,0.935230618253189,0.0255152109911678,0.481844946025515,0.306034482758621,0.521551724137931,264,0.8038,0.141050583657588,0.235294117647059,0.521008403361345,0.453781512605042,0.0168067226890756,0.747899159663866,0.529411764705882,0.0840336134453782,0.995798319327731,0.00420168067226891
"IN-3190-2640","Corydon Central High School",0,691,0.885135135135135,0.0445945945945946,0.431081081081081,0.494047619047619,0.676646706586826,167,0.5488,0.160636758321274,0.192771084337349,0.710843373493976,0.524096385542169,0.0481927710843374,0.602409638554217,0.451807228915663,0.120481927710843,0.825301204819277,0.108433734939759
"IN-2440-2005","Covington Community High School",0,280,0.924731182795699,0.043010752688172,0.301075268817204,0.372881355932203,0.745762711864407,79,0.9565,0.167857142857143,0.347826086956522,0.565217391304348,0.681159420289855,0.0144927536231884,0.855072463768116,0.347826086956522,0.115942028985507,0.768115942028985,0.0869565217391304
"IN-1900-1386","Cowan High School",0,372,0.937837837837838,0.0243243243243243,0.418918918918919,0.385964912280702,0.824561403508772,66,0.9474,0.10752688172043,0.264150943396226,0.735849056603774,0.69811320754717,0.0188679245283019,0.641509433962264,0.320754716981132,0.0377358490566038,0.792452830188679,0.0377358490566038
"IN-1300-1059","Crawford County High School",0,450,0.955752212389381,0.0199115044247788,0.542035398230089,0.469387755102041,0.673469387755102,122,0.699,0.177777777777778,0.326315789473684,0.6,0.557894736842105,0.0842105263157895,0.631578947368421,0.494736842105263,0.0631578947368421,0.526315789473684,0.189473684210526
"IN-5855-6277","Crawfordsville Sr High School",0,697,0.744588744588745,0.174603174603175,0.551226551226551,0.318471337579618,0.528662420382166,182,0.6344,0.216642754662841,0.344594594594595,0.425675675675676,0.513513513513513,0.0608108108108108,0.648648648648649,0.533783783783784,0.108108108108108,0.641891891891892,0.189189189189189
"IN-3710-3121","Crothersville Jr-Sr High School",0,188,0.893939393939394,0.0303030303030303,0.474747474747475,0.137931034482759,0.275862068965517,29,0.8333,0.164893617021277,0.482758620689655,0.344827586206897,0.620689655172414,0,0.96551724137931,0.241379310344828,0.103448275862069,1,0
"IN-5455-5245","Culver Community Middle/High Sch",0,440,0.872146118721461,0.0799086757990868,0.577625570776256,0.170212765957447,0.478260869565217,65,0.8788,0.136363636363636,0.121212121212121,0.681818181818182,0.424242424242424,0,0.575757575757576,0.560606060606061,0.0454545454545455,0.818181818181818,0.0757575757575758
"IN-1835-1345","DeKalb High School",0,1127,0.921903052064632,0.0385996409335727,0.322262118491921,0.309090909090909,0.640740740740741,249,0.7655,0.141969831410825,0.249097472924188,0.505415162454874,0.552346570397112,0.0541516245487365,0.624548736462094,0.451263537906137,0.166064981949458,0.617328519855596,0.28158844765343
"IN-0755-0637","Delphi Community High School",0,431,0.857461024498886,0.10467706013363,0.432071269487751,0.452173913043478,0.71304347826087,114,0.8587,0.11368909512761,0.373913043478261,0.565217391304348,0.573913043478261,0.0521739130434783,0.652173913043478,0.31304347826087,0.0869565217391304,0.669565217391304,0.121739130434783
"IN-9950-7952","Dugger Union Community School Corp",0,407,0.928571428571429,0.0436507936507936,0.418650793650794,0.0625,0.125,46,0.6341,0.176904176904177,0.09375,0.78125,0.46875,0.125,0.25,0.5625,0,0.875,0
"IN-0255-0394","East Allen University",0,313,0.359872611464968,0.136942675159236,0.563694267515924,0.44578313253012,0.891566265060241,87,0.9189,0.00958466453674121,0.507692307692308,0.446153846153846,0.8,0.0153846153846154,0.938461538461538,0.138461538461538,0.138461538461538,0.923076923076923,0
"IN-1560-7213","East Central High School",0,1231,0.958893280632411,0.0142292490118577,0.193675889328063,0.488524590163934,0.740983606557377,306,0.9441,0.139723801787165,0.509677419354839,0.354838709677419,0.706451612903226,0.0483870967741935,0.764516129032258,0.354838709677419,0.193548387096774,0.745161290322581,0.161290322580645
"IN-6060-6458","East Noble High School",0,1191,0.892130857648099,0.0680813439434129,0.396109637488948,0.426573426573427,0.576923076923077,289,0.8758,0.1696053736356,0.304659498207885,0.577060931899642,0.537634408602151,0.028673835125448,0.623655913978495,0.455197132616487,0.103942652329749,0.519713261648746,0.157706093189964
"IN-2815-2293","Eastbrook High School",0,500,0.924210526315789,0.04,0.343157894736842,0.354166666666667,0.53125,135,0.8322,0.104,0.336283185840708,0.530973451327434,0.743362831858407,0.0353982300884956,0.63716814159292,0.407079646017699,0.141592920353982,0.654867256637168,0.265486725663717
"IN-2940-2435","Eastern Greene High School",0,370,0.951219512195122,0.0121951219512195,0.408536585365854,0.3,0.584269662921348,94,0.8387,0.145945945945946,0.357142857142857,0.571428571428571,0.726190476190476,0.154761904761905,0.821428571428571,0.297619047619048,0.0595238095238095,0.535714285714286,0.130952380952381
"IN-3145-2585","Eastern Hancock High School",0,394,0.95771144278607,0.027363184079602,0.281094527363184,0.5,0.720930232558139,103,0.8276,0.180203045685279,0.35,0.5,0.68,0.02,0.72,0.23,0.13,0.73,0.12
"IN-8215-8905","Eastern High School",0,448,0.936320754716981,0.0377358490566038,0.400943396226415,0.16504854368932,0.574257425742574,115,0.7241,0.160714285714286,0.413793103448276,0.482758620689655,0.67816091954023,0.0689655172413793,0.71264367816092,0.28735632183908,0.103448275862069,0.597701149425287,0.126436781609195
"IN-3480-2919","Eastern High School",0,529,0.90715667311412,0.034816247582205,0.323017408123791,0.492753623188406,0.760869565217391,127,0.9423,0.113421550094518,0.516129032258065,0.290322580645161,0.67741935483871,0.0645161290322581,0.763440860215054,0.311827956989247,0.161290322580645,0.548387096774194,0.236559139784946
"IN-1805-1317","Eastside Junior-Senior High School",0,631,0.944012441679627,0.0217729393468118,0.360808709175739,0.445544554455446,0.643564356435644,106,0.9121,0.161648177496038,0.261744966442953,0.442953020134228,0.369127516778524,0.0201342281879195,0.375838926174497,0.74496644295302,0.0402684563758389,0.993288590604027,0.00671140939597315
"IN-5280-5149","Elwood Jr-Sr High School",0,648,0.921404682274248,0.0501672240802676,0.635451505016722,0.131868131868132,0.402173913043478,108,0.757,0.166666666666667,0.266666666666667,0.544444444444444,0.488888888888889,0.0444444444444444,0.744444444444444,0.677777777777778,0.0222222222222222,0.588888888888889,0.0888888888888889
"IN-2155-1613","Fairfield Jr-Sr High School",0,767,0.88375,0.07875,0.22375,0.380165289256198,0.56198347107438,130,0.8593,0.116036505867014,0.418918918918919,0.459459459459459,0.527027027027027,0.0202702702702703,0.547297297297297,0.331081081081081,0.216216216216216,0.567567567567568,0.297297297297297
"IN-2400-1930","Floyd Central High School",0,1815,0.899778516057586,0.0315614617940199,0.157253599114064,0.4,0.772209567198178,442,0.9163,0.11404958677686,0.442542787286064,0.359413202933985,0.743276283618582,0.0244498777506112,0.735941320293399,0.359413202933985,0.207823960880196,0.405867970660147,0.444987775061125
"IN-2100-1583","Forest Park Jr-Sr High School",0,572,0.93526405451448,0.0391822827938671,0.212947189097104,0.533333333333333,0.533333333333333,113,0.9277,0.0891608391608392,0.504854368932039,0.41747572815534,0.728155339805825,0.058252427184466,0.825242718446602,0.242718446601942,0.29126213592233,0.766990291262136,0.087378640776699
"IN-2455-2022","Fountain Central High School",0,471,0.905376344086022,0.0795698924731183,0.449462365591398,0.206521739130435,0.472527472527473,83,0.8537,0.133757961783439,0.367816091954023,0.551724137931034,0.574712643678161,0.103448275862069,0.71264367816092,0.32183908045977,0.0804597701149425,0.574712643678161,0.0804597701149425
"IN-1170-0997","Frankfort Senior High School",0,904,0.440180586907449,0.532731376975169,0.737020316027088,0.0821917808219178,0.488584474885845,225,0.8429,0.101769911504425,0.196428571428571,0.648809523809524,0.428571428571429,0.0476190476190476,0.56547619047619,0.505952380952381,0.0654761904761905,0.708333333333333,0.101190476190476
"IN-5245-5005","Frankton Jr-Sr High School",0,766,0.915167095115681,0.0359897172236504,0.433161953727506,0.196581196581197,0.457627118644068,133,0.5159,0.159268929503916,0.336538461538462,0.432692307692308,0.586538461538462,0.0288461538461538,0.461538461538462,0.5,0.0769230769230769,0.548076923076923,0.0769230769230769
"IN-7605-7877","Fremont High School",0,298,0.946666666666667,0.0166666666666667,0.423333333333333,0.40625,0.796875,76,0.75,0.124161073825503,0.515625,0.390625,0.671875,0.0625,0.703125,0.359375,0.109375,0.953125,0
"IN-1820-1325","Garrett High School",0,592,0.918060200668896,0.0351170568561873,0.392976588628763,0.272058823529412,0.62962962962963,144,0.8278,0.165540540540541,0.227941176470588,0.632352941176471,0.463235294117647,0.0441176470588235,0.683823529411765,0.507352941176471,0.0661764705882353,1,0
"IN-2765-2211","Gibson Southern High School",0,703,0.948936170212766,0.024113475177305,0.170212765957447,0.554913294797688,0.69364161849711,197,0.7824,0.150782361308677,0.4375,0.4375,0.763888888888889,0.0277777777777778,0.791666666666667,0.270833333333333,0.208333333333333,0.9375,0.0555555555555556
"IN-6755-7089","Greencastle Senior High School",0,550,0.924901185770751,0.0355731225296443,0.422924901185771,0.326086956521739,0.644927536231884,133,0.8881,0.132727272727273,0.3125,0.616071428571429,0.633928571428571,0.0803571428571429,0.776785714285714,0.375,0.205357142857143,0.589285714285714,0.241071428571429
"IN-8305-8985","Hagerstown Jr-Sr High School",0,516,0.924271844660194,0.0155339805825243,0.351456310679612,0.321428571428571,0.642857142857143,84,0.9467,0.147286821705426,0.475609756097561,0.5,0.707317073170732,0.024390243902439,0.865853658536585,0.414634146341463,0.146341463414634,0.560975609756098,0.0853658536585366
"IN-7610-7885","Hamilton Community High School",0,132,0.925373134328358,0.0447761194029851,0.432835820895522,0.0833333333333333,0.166666666666667,23,1,0.234848484848485,0.269230769230769,0.653846153846154,0.576923076923077,0.0384615384615385,0.5,0.423076923076923,0,1,0
"IN-0370-0410","Hauser Jr-Sr High School",0,437,0.913140311804009,0.0334075723830735,0.376391982182628,0.228571428571429,0.5,86,0.7123,0.162471395881007,0.326530612244898,0.489795918367347,0.530612244897959,0.0204081632653061,0.836734693877551,0.448979591836735,0.0612244897959184,0.897959183673469,0
"IN-6460-6813","Hebron High School",0,375,0.830459770114943,0.123563218390805,0.313218390804598,0.406976744186047,0.758620689655172,90,0.93,0.146666666666667,0.13953488372093,0.709302325581395,0.662790697674419,0.0581395348837209,0.558139534883721,0.488372093023256,0.0465116279069767,0.697674418604651,0.127906976744186
"IN-0940-0765","Henryville Jr & Sr High School",0,501,0.92814371257485,0.0259481037924152,0.313373253493014,0.329268292682927,0.75609756097561,80,0.7361,0.153692614770459,0.373333333333333,0.533333333333333,0.52,0.0266666666666667,0.746666666666667,0.453333333333333,0.0933333333333333,0.866666666666667,0.0133333333333333
"IN-7385-7759","Heritage Hills High School",0,601,0.881034482758621,0.0948275862068965,0.317241379310345,0.688405797101449,0.804347826086957,146,0.9221,0.143094841930116,0.419354838709677,0.403225806451613,0.661290322580645,0.0483870967741935,0.629032258064516,0.346774193548387,0.201612903225806,0.532258064516129,0.209677419354839
"IN-0255-0081","Heritage Jr/Sr High School",0,800,0.595208070617907,0.0933165195460277,0.528373266078184,0.201342281879195,0.493421052631579,140,0.8782,0.1625,0.349206349206349,0.5,0.603174603174603,0.0476190476190476,0.507936507936508,0.5,0.0793650793650794,0.833333333333333,0.0158730158730159
"IN-4730-4305","Hobart High School",0,1282,0.612978889757623,0.266614542611415,0.473807662236122,0.297124600638978,0.685534591194969,330,0.8049,0.128705148205928,0.281786941580756,0.470790378006873,0.553264604810997,0.0378006872852234,0.536082474226804,0.0687285223367698,0.0859106529209622,0.560137457044674,0.140893470790378
"IN-3625-3065","Huntington North High School",0,1459,0.92539356605065,0.0431211498973306,0.387405886379192,0.267806267806268,0.661931818181818,379,0.8423,0.15284441398218,0.353760445682451,0.481894150417827,0.615598885793872,0.0362116991643454,0.693593314763231,0.356545961002786,0.13091922005571,0.754874651810585,0.103064066852368
"IN-4255-3419","Indian Creek Sr High School",0,613,0.94097807757167,0.0202360876897133,0.276559865092749,0.381679389312977,0.67175572519084,149,0.9012,0.159869494290375,0.303703703703704,0.533333333333333,0.533333333333333,0.0444444444444444,0.666666666666667,0.481481481481481,0.0888888888888889,0.674074074074074,0.0814814814814815
"IN-6900-7193","Jac-Cen-Del MS/HS",0,412,0.956204379562044,0.0072992700729927,0.416058394160584,0.246753246753247,0.519480519480519,74,0.8676,0.116504854368932,0.396551724137931,0.517241379310345,0.517241379310345,0.0517241379310345,0.827586206896552,0.396551724137931,0.0862068965517241,0.5,0.0689655172413793
"IN-2120-1593","Jasper High School",0,1113,0.799450549450549,0.16025641025641,0.273809523809524,0.533582089552239,0.814126394052045,289,0.9114,0.0970350404312668,0.523622047244094,0.413385826771654,0.830708661417323,0.125984251968504,0.862204724409449,0.15748031496063,0.240157480314961,0.452755905511811,0.354330708661417
"IN-4015-3345","Jennings County High School",0,1203,0.912151067323481,0.0566502463054187,0.510673234811166,0.234375,0.56640625,339,0.9012,0.152950955943475,0.300724637681159,0.438405797101449,0.528985507246377,0.0398550724637681,0.88768115942029,0.423913043478261,0.0615942028985507,0.670289855072464,0.0797101449275362
"IN-7150-7453","John Glenn High School",0,595,0.881804043545879,0.0793157076205288,0.335925349922239,0.503105590062112,0.732919254658385,163,0.9197,0.102521008403361,0.317241379310345,0.655172413793103,0.537931034482759,0.00689655172413793,0.510344827586207,0.351724137931034,0.124137931034483,0.703448275862069,0.131034482758621
"IN-3785-3181","Kankakee Valley High School",0,1041,0.868421052631579,0.109962406015038,0.361842105263158,0.329268292682927,0.617886178861789,274,0.8983,0.151777137367915,0.310077519379845,0.542635658914729,0.643410852713178,0.0387596899224806,0.844961240310077,0.321705426356589,0.127906976744186,0.74031007751938,0.116279069767442
"IN-3455-2869","Knightstown High School",0,349,0.955882352941177,0.0147058823529412,0.405882352941176,0.285714285714286,0.619047619047619,78,0.8,0.160458452722063,0.328947368421053,0.644736842105263,0.513157894736842,0.0263157894736842,0.605263157894737,0.368421052631579,0.0789473684210526,0.697368421052632,0.144736842105263
"IN-7525-7833","Knox Community High School",0,577,0.926174496644295,0.0436241610738255,0.567114093959732,0.197183098591549,0.590277777777778,146,0.8881,0.11265164644714,0.238095238095238,0.642857142857143,0.531746031746032,0.0873015873015873,0.650793650793651,0.317460317460317,0.0634920634920635,0.785714285714286,0.0952380952380952
"IN-6510-6833","Kouts Middle/High School",0,477,0.912946428571429,0.0625,0.196428571428571,0.301587301587302,0.666666666666667,64,0.96,0.117400419287212,0.392156862745098,0.450980392156863,0.725490196078431,0.0588235294117647,0.745098039215686,0.431372549019608,0.156862745098039,0.666666666666667,0.137254901960784
"IN-4535-3730","Lakeland High School",0,577,0.732544378698225,0.210650887573964,0.475739644970414,0.213740458015267,0.404580152671756,163,0.7945,0.162911611785095,0.248,0.672,0.464,0.024,0.656,0.424,0.064,0.832,0.056
"IN-3160-2613","Lanesville Jr-Sr HS",0,368,0.969613259668508,0.0110497237569061,0.18232044198895,0.381818181818182,0.654545454545455,60,0.9194,0.133152173913043,0.402985074626866,0.507462686567164,0.671641791044776,0.0149253731343284,0.925373134328358,0.447761194029851,0.0298507462686567,0.507462686567164,0.238805970149254
"IN-5245-5011","Lapel Sr High School",0,473,0.933476394849785,0.0171673819742489,0.227467811158798,0.311926605504587,0.648148148148148,127,0.7,0.13953488372093,0.4375,0.330357142857143,0.6875,0.0446428571428571,0.616071428571429,0.357142857142857,0.169642857142857,0.919642857142857,0.0267857142857143
"IN-7215-7399","LaVille Jr-Sr High School",0,584,0.901502504173623,0.0500834724540902,0.477462437395659,0.420454545454545,0.534090909090909,96,0.7684,0.178082191780822,0.382352941176471,0.588235294117647,0.676470588235294,0.0588235294117647,0.661764705882353,0.264705882352941,0.147058823529412,0.705882352941177,0.102941176470588
"IN-1620-1177","Lawrenceburg High School",0,681,0.898255813953488,0.0305232558139535,0.369186046511628,0.461538461538462,0.692307692307692,182,0.6063,0.162995594713656,0.416666666666667,0.4375,0.638888888888889,0.0277777777777778,0.833333333333333,0.479166666666667,0.0972222222222222,0.951388888888889,0.00694444444444444
"IN-0665-0553","Lebanon Senior High School",0,973,0.864615384615385,0.0707692307692308,0.34974358974359,0.427906976744186,0.685185185185185,248,0.7895,0.179856115107914,0.386934673366834,0.532663316582915,0.597989949748744,0.0150753768844221,0.738693467336683,0.402010050251256,0.100502512562814,0.628140703517588,0.195979899497487
"IN-0815-0689","Lewis Cass Jr-Sr High School",0,439,0.893905191873589,0.0677200902934537,0.352144469525959,0.3125,0.699115044247788,91,0.8598,0.100227790432802,0.314814814814815,0.481481481481481,0.518518518518518,0.0833333333333333,0.546296296296296,0.481481481481481,0.0740740740740741,0.574074074074074,0.12962962962963
"IN-8355-8961","Lincoln Sr High School",0,299,0.958762886597938,0.0103092783505155,0.553264604810997,0.0793650793650794,0.523076923076923,78,0.7059,0.157190635451505,0.289473684210526,0.394736842105263,0.565789473684211,0.0394736842105263,0.736842105263158,0.407894736842105,0.0526315789473684,0.644736842105263,0.105263157894737
"IN-2950-2437","Linton-Stockton High School",0,391,0.952618453865337,0.0224438902743142,0.394014962593516,0.272727272727273,0.581818181818182,105,0.9663,0.0920716112531969,0.213333333333333,0.44,0.64,0.106666666666667,0.586666666666667,0.453333333333333,0.08,0.786666666666667,0.08
"IN-5525-6003","Loogootee High School",0,288,0.952898550724638,0.0181159420289855,0.347826086956522,0.316666666666667,0.733333333333333,73,0.6522,0.163194444444444,0.423728813559322,0.525423728813559,0.711864406779661,0.186440677966102,0.644067796610169,0.423728813559322,0.101694915254237,1,0
"IN-4645-3865","Lowell Senior High School",0,1119,0.869955156950673,0.0932735426008969,0.246636771300448,0.322097378277154,0.629213483146067,267,0.9314,0.141197497765862,0.348591549295775,0.595070422535211,0.573943661971831,0.0176056338028169,0.778169014084507,0.0598591549295775,0.0704225352112676,0.591549295774648,0.172535211267606
"IN-5615-6032","Maconaquah High School",0,636,0.851910828025478,0.0700636942675159,0.493630573248408,0.335403726708075,0.6375,168,0.6933,0.119496855345912,0.266666666666667,0.64,0.58,0.0466666666666667,0.566666666666667,0.386666666666667,0.113333333333333,0.74,0.12
"IN-3995-3309","Madison Consolidated High School",0,876,0.884125144843569,0.0382387022016222,0.418308227114716,0.260869565217391,0.53551912568306,223,0.8272,0.150684931506849,0.35609756097561,0.517073170731707,0.497560975609756,0.0292682926829268,0.663414634146341,0.51219512195122,0.0975609756097561,0.673170731707317,0.160975609756098
"IN-8045-8625","Manchester Jr-Sr High School",0,766,0.866131191432396,0.0655957161981258,0.449799196787149,0.420560747663551,0.716981132075472,124,0.9302,0.133159268929504,0.321100917431193,0.385321100917431,0.587155963302752,0,0.798165137614679,0.431192660550459,0.18348623853211,0.44954128440367,0.284403669724771
"IN-2865-2351","Marion High School",0,1093,0.504664179104478,0.10634328358209,0.621268656716418,0.290178571428571,0.497757847533632,266,0.6912,0.139981701738335,0.306772908366534,0.625498007968127,0.537848605577689,0.0677290836653386,0.653386454183267,0.537848605577689,0.0637450199203187,0.685258964143426,0.115537848605578
"IN-5925-6329","Martinsville High School",0,1442,0.939458689458689,0.0199430199430199,0.439458689458689,0.393081761006289,0.615141955835962,386,0.8575,0.147711511789182,0.260061919504644,0.554179566563467,0.547987616099071,0.0619195046439628,0.613003095975232,0.442724458204334,0.126934984520124,0.659442724458204,0.229102167182663
"IN-4925-4795","Michigan City High School",0,1620,0.451509312780989,0.0982658959537572,0.642260757867694,0.195266272189349,0.477744807121662,406,0.8343,0.182716049382716,0.235119047619048,0.583333333333333,0.511904761904762,0.056547619047619,0.56547619047619,0.443452380952381,0.0744047619047619,0.788690476190476,0.119047619047619
"IN-6910-7205","Milan High School",0,380,0.95906432748538,0.0087719298245614,0.412280701754386,0.373626373626374,0.615384615384615,77,0.8158,0.165789473684211,0.270588235294118,0.564705882352941,0.423529411764706,0.0235294117647059,0.847058823529412,0.482352941176471,0.0705882352941176,0.576470588235294,0.105882352941176
"IN-2855-2333","Mississinewa High School",0,812,0.860858257477243,0.0364109232769831,0.566970091027308,0.222826086956522,0.445652173913043,210,0.7194,0.176108374384236,0.278409090909091,0.630681818181818,0.511363636363636,0.0511363636363636,0.244318181818182,0.448863636363636,0.0795454545454545,0.482954545454545,0.107954545454545
"IN-5085-4925","Mitchell High School",0,462,0.932017543859649,0.0241228070175439,0.447368421052632,0.235849056603774,0.509259259259259,119,0.7077,0.164502164502165,0.326530612244898,0.469387755102041,0.63265306122449,0.0612244897959184,0.714285714285714,0.418367346938776,0.0612244897959184,0.816326530612245,0.0816326530612245
"IN-6820-7151","Monroe Central Jr-Sr High School",0,511,0.922448979591837,0.0346938775510204,0.481632653061224,0.302631578947368,0.684210526315789,100,0.9216,0.136986301369863,0.132530120481928,0.662650602409639,0.674698795180723,0.036144578313253,0.686746987951807,0.373493975903614,0.0481927710843374,0.987951807228916,0
"IN-5900-6321","Monrovia High School",0,537,0.947955390334573,0.0278810408921933,0.330855018587361,0.305084745762712,0.632478632478632,139,0.7536,0.156424581005587,0.344827586206897,0.387931034482759,0.568965517241379,0.0431034482758621,0.137931034482759,0.543103448275862,0.0862068965517241,0.482758620689655,0.21551724137931
"IN-6510-6825","Morgan Township Middle/High School",0,418,0.915492957746479,0.0516431924882629,0.0985915492957746,0.59375,0.75,61,0.9821,0.177033492822967,0.580645161290323,0.419354838709677,0.693548387096774,0.0483870967741935,0.774193548387097,0.225806451612903,0.258064516129032,0.532258064516129,0.209677419354839
"IN-7285-7661","Morristown Jr-Sr High School",0,321,0.946540880503145,0.0314465408805031,0.358490566037736,0.243243243243243,0.594594594594595,68,1,0.146417445482866,0.325,0.6,0.65,0.1,0.425,0.425,0.05,0.625,0.1
"IN-6590-6949","Mount Vernon High School",0,603,0.913477537437604,0.0282861896838602,0.362728785357737,0.545454545454545,0.694214876033058,160,0.8383,0.218905472636816,0.34,0.38,0.646666666666667,0.0666666666666667,0.573333333333333,0.686666666666667,0.1,0.813333333333333,0.0666666666666667
"IN-3135-2569","Mt Vernon High School",0,1322,0.794448612153038,0.0532633158289572,0.23330832708177,0.452887537993921,0.687116564417178,354,0.8497,0.118759455370651,0.383399209486166,0.529644268774704,0.695652173913043,0.0513833992094862,0.375494071146245,0.324110671936759,0.177865612648221,0.442687747035573,0.324110671936759
"IN-7515-7849","N Judson-San Pierre Jr Sr High Sch",0,491,0.897489539748954,0.0669456066945607,0.510460251046025,0.205882352941176,0.477611940298507,79,0.6383,0.164969450101833,0.197674418604651,0.476744186046512,0.476744186046512,0.0813953488372093,0.511627906976744,0.395348837209302,0.0465116279069767,0.941860465116279,0
"IN-4805-4689","New Prairie High School",0,961,0.857431749241658,0.0950455005055612,0.324570273003033,0.365638766519824,0.702222222222222,262,0.8528,0.126951092611863,0.334710743801653,0.603305785123967,0.673553719008264,0.0247933884297521,0.384297520661157,0.367768595041322,0.132231404958678,0.442148760330579,0.297520661157025
"IN-1010-0809","New Washington Middle/High School",0,343,0.955489614243323,0.029673590504451,0.504451038575668,0.232558139534884,0.627906976744186,46,0.8551,0.154518950437318,0.383333333333333,0.5,0.616666666666667,0.05,0.683333333333333,0.766666666666667,0.0333333333333333,0.983333333333333,0
"IN-7645-7917","North Central High School",0,269,0.944309927360775,0.0121065375302663,0.479418886198547,0.175675675675676,0.351351351351351,52,0.7625,0.148698884758364,0.333333333333333,0.456140350877193,0.719298245614035,0.087719298245614,0.719298245614035,0.315789473684211,0.0526315789473684,0.473684210526316,0.087719298245614
"IN-1375-1121","North Daviess Jr-Sr High School",0,477,0.939024390243902,0.0284552845528455,0.396341463414634,0.425,0.6875,66,0.8312,0.161425576519916,0.378787878787879,0.515151515151515,0.575757575757576,0.151515151515152,0.378787878787879,0.363636363636364,0.0303030303030303,0.984848484848485,0
"IN-1655-1267","North Decatur Jr-Sr High School",0,509,0.962671905697446,0.0176817288801572,0.420432220039293,0.308510638297872,0.702127659574468,70,0.7975,0.157170923379175,0.508474576271186,0.474576271186441,0.711864406779661,0.0338983050847458,0.898305084745763,0.288135593220339,0.169491525423729,0.372881355932203,0.288135593220339
"IN-3180-2629","North Harrison High School",0,685,0.938530734632684,0.0269865067466267,0.386806596701649,0.41875,0.6,197,0.827,0.157664233576642,0.303225806451613,0.509677419354839,0.541935483870968,0.0387096774193548,0.761290322580645,0.412903225806452,0.0645161290322581,0.858064516129032,0.0193548387096774
"IN-7995-8253","North High School",0,1576,0.777104784978801,0.0363416111447607,0.399152029073289,0.448275862068966,0.713903743315508,428,0.7275,0.109137055837563,0.361702127659574,0.365248226950355,0.652482269503546,0.0638297872340425,0.673758865248227,0.368794326241135,0.145390070921986,0.606382978723404,0.187943262411348
"IN-4315-3537","North Knox Jr-Sr High School",0,606,0.956738768718802,0.0316139767054908,0.564059900166389,0.275862068965517,0.620689655172414,100,0.883,0.128712871287129,0.259259259259259,0.481481481481481,0.765432098765432,0.296296296296296,0.617283950617284,0.45679012345679,0.0493827160493827,0.91358024691358,0
"IN-5620-6049","North Miami Middle/High School",0,437,0.919540229885057,0.0482758620689655,0.4,0.161290322580645,0.580645161290323,72,0.8636,0.17162471395881,0.314285714285714,0.528571428571429,0.742857142857143,0,0.771428571428571,0.371428571428571,0.157142857142857,0.842857142857143,0.0428571428571429
"IN-5835-6271","North Montgomery High School",0,570,0.922794117647059,0.0330882352941176,0.314338235294118,0.206611570247934,0.508333333333333,153,0.9161,0.150877192982456,0.470198675496689,0.43046357615894,0.609271523178808,0.0860927152317881,0.754966887417219,0.377483443708609,0.105960264900662,0.655629139072848,0.178807947019868
"IN-5945-6411","North Newton Jr-Sr High School",0,572,0.887661141804788,0.0828729281767956,0.506445672191529,0.159090909090909,0.651685393258427,106,0.8448,0.148601398601399,0.252525252525253,0.595959595959596,0.505050505050505,0.0404040404040404,0.676767676767677,0.404040404040404,0.0909090909090909,0.878787878787879,0.0404040404040404
"IN-6600-6975","North Posey High School",0,451,0.940366972477064,0.0160550458715596,0.243119266055046,0.27906976744186,0.764705882352941,134,0.7273,0.164079822616408,0.46969696969697,0.416666666666667,0.712121212121212,0.0606060606060606,0.757575757575758,0.340909090909091,0.143939393939394,0.651515151515151,0.174242424242424
"IN-6715-7061","North Putnam Sr High School",0,428,0.962790697674419,0.0116279069767442,0.374418604651163,0.578947368421053,0.635416666666667,128,0.932,0.142523364485981,0.292035398230089,0.584070796460177,0.584070796460177,0.0530973451327434,0.646017699115044,0.380530973451327,0.132743362831858,0.539823008849557,0.15929203539823
"IN-8010-8394","North Vermillion High School",0,360,0.96078431372549,0.0168067226890756,0.532212885154062,0.12280701754386,0.578947368421053,62,0.9216,0.138888888888889,0.238095238095238,0.507936507936508,0.523809523809524,0.0952380952380952,0.746031746031746,0.53968253968254,0.0317460317460317,0.714285714285714,0.0317460317460317
"IN-8515-9135","North White High School",0,247,0.54275092936803,0.394052044609665,0.687732342007435,0.28,0.627450980392157,63,0.7333,0.0769230769230769,0.372093023255814,0.511627906976744,0.534883720930233,0.0232558139534884,0.581395348837209,0.465116279069767,0.0930232558139535,0.837209302325581,0.0465116279069767
"IN-2285-1737","North Wood High School",0,905,0.840390879478827,0.0966340933767644,0.301845819761129,0.560975609756098,0.700980392156863,226,0.9032,0.138121546961326,0.354368932038835,0.577669902912621,0.533980582524272,0.0242718446601942,0.640776699029126,0.325242718446602,0.160194174757282,0.898058252427185,0.0970873786407767
"IN-2040-1545","Northeast Dubois High School",0,274,0.963898916967509,0.0180505415162455,0.209386281588448,0.516129032258065,0.612903225806452,70,0.9333,0.208029197080292,0.28,0.54,0.64,0.08,0.46,0.4,0.14,0.6,0.04
"IN-8375-8927","Northeastern High School",0,383,0.938931297709924,0.0152671755725191,0.396946564885496,0.22,0.58,101,0.8333,0.16710182767624,0.338983050847458,0.576271186440678,0.635593220338983,0.0508474576271186,0.635593220338983,0.330508474576271,0.101694915254237,0.830508474576271,0.0932203389830508
"IN-8050-8651","Northfield Jr-Sr High School",0,433,0.950819672131147,0.0117096018735363,0.407494145199063,0.328947368421053,0.552631578947368,71,0.9365,0.15473441108545,0.3125,0.5,0.609375,0.015625,0.71875,0.34375,0.203125,0.65625,0.1875
"IN-1125-0933","Northview High School",0,1016,0.952820512820513,0.0174358974358974,0.477948717948718,0.314893617021277,0.47008547008547,279,0.7936,0.169291338582677,0.353535353535354,0.47979797979798,0.696969696969697,0.0555555555555556,0.792929292929293,0.318181818181818,0.136363636363636,0.772727272727273,0.121212121212121
"IN-3470-2897","Northwestern Senior High School",0,595,0.878688524590164,0.0573770491803279,0.229508196721311,0.372413793103448,0.744827586206897,164,0.9766,0.0957983193277311,0.642857142857143,0.253968253968254,0.76984126984127,0.0158730158730159,0.857142857142857,0.19047619047619,0.206349206349206,0.547619047619048,0.198412698412698
"IN-8435-9087","Norwell High School",0,800,0.923353293413174,0.0347305389221557,0.250299401197605,0.368421052631579,0.697115384615385,201,0.877,0.12125,0.414201183431953,0.331360946745562,0.603550295857988,0.0473372781065089,0.591715976331361,0.372781065088757,0.165680473372781,0.550295857988166,0.124260355029586
"IN-5625-6069","Oak Hill High School",0,552,0.883239171374765,0.064030131826742,0.310734463276836,0.246153846153846,0.776923076923077,140,0.8682,0.103260869565217,0.25,0.489583333333333,0.75,0.0729166666666667,0.677083333333333,0.364583333333333,0.145833333333333,0.604166666666667,0.208333333333333
"IN-7495-7831","Oregon-Davis Jr-Sr High School",0,236,0.923076923076923,0.0452488687782805,0.542986425339366,0.111111111111111,0.481481481481481,36,0.6667,0.169491525423729,0.342857142857143,0.6,0.428571428571429,0.0285714285714286,0.657142857142857,0.371428571428571,0.0285714285714286,0.428571428571429,0.0857142857142857
"IN-6145-6573","Orleans Jr-Sr High School",0,375,0.979166666666667,0,0.515625,0.607142857142857,0.803571428571429,52,0.9683,0.184,0.410714285714286,0.357142857142857,0.642857142857143,0.107142857142857,0.732142857142857,0.267857142857143,0.0714285714285714,0.928571428571429,0
"IN-6195-6613","Owen Valley Community High School",0,752,0.953716690042076,0.00981767180925666,0.450210378681627,0.257861635220126,0.462025316455696,188,0.8594,0.164893617021277,0.357575757575758,0.381818181818182,0.496969696969697,0.0363636363636364,0.684848484848485,0.539393939393939,0.0727272727272727,0.975757575757576,0.0121212121212121
"IN-5635-6085","Peru High School",0,644,0.87758346581876,0.0381558028616852,0.513513513513513,0.298611111111111,0.555555555555556,172,0.9216,0.164596273291925,0.352459016393443,0.565573770491803,0.573770491803279,0.0163934426229508,0.819672131147541,0.360655737704918,0.0983606557377049,0.581967213114754,0.122950819672131
"IN-6445-6763","Pike Central High School",0,568,0.947368421052632,0.0199637023593466,0.38475499092559,0.221374045801527,0.587786259541985,143,0.7481,0.191901408450704,0.372093023255814,0.503875968992248,0.705426356589147,0.201550387596899,0.697674418604651,0.627906976744186,0.0542635658914729,0.589147286821705,0.0697674418604651
"IN-0775-0645","Pioneer Jr-Sr High School",0,444,0.875,0.0694444444444444,0.418981481481481,0.318840579710145,0.63768115942029,76,0.9036,0.11036036036036,0.27906976744186,0.720930232558139,0.627906976744186,0.0232558139534884,0.720930232558139,0.302325581395349,0.186046511627907,0.720930232558139,0.162790697674419
"IN-5485-5945","Plymouth High School",0,1099,0.689292543021032,0.275334608030593,0.504780114722753,0.311740890688259,0.680161943319838,297,0.8446,0.111010009099181,0.176258992805755,0.528776978417266,0.557553956834532,0.0215827338129496,0.58273381294964,0.410071942446043,0.10431654676259,0.568345323741007,0.287769784172662
"IN-4515-3690","Prairie Heights Sr High School",0,414,0.921985815602837,0.0378250591016548,0.333333333333333,0.414893617021277,0.776595744680851,108,0.9175,0.135265700483092,0.240963855421687,0.674698795180723,0.481927710843373,0.0120481927710843,0.783132530120482,0.614457831325301,0.036144578313253,0.602409638554217,0.0481927710843374
"IN-2735-2249","Princeton Community High School",0,618,0.817880794701987,0.0347682119205298,0.445364238410596,0.349593495934959,0.604838709677419,168,0.7246,0.213592233009709,0.203125,0.65625,0.59375,0.125,0.328125,0.5390625,0.0859375,0.7421875,0.03125
"IN-6805-7121","Randolph Southern Jr-Sr High Sch",0,249,0.917391304347826,0.0478260869565217,0.465217391304348,0.214285714285714,0.642857142857143,41,0.7391,0.14859437751004,0.466666666666667,0.533333333333333,0.633333333333333,0,0.6,0.3,0.0333333333333333,0.466666666666667,0.0666666666666667
"IN-3815-3201","Rensselaer Central High School",0,499,0.835271317829457,0.125968992248062,0.410852713178295,0.226086956521739,0.605263157894737,136,0.6967,0.158316633266533,0.318965517241379,0.560344827586207,0.655172413793103,0.0948275862068965,0.767241379310345,0.362068965517241,0.129310344827586,0.78448275862069,0.137931034482759
"IN-8385-8993","Richmond High School",0,1289,0.656814449917898,0.106732348111658,0.635467980295567,0.156028368794326,0.476702508960573,350,0.7552,0.193948797517455,0.272058823529412,0.621323529411765,0.643382352941177,0.0698529411764706,0.551470588235294,0.363970588235294,0.110294117647059,0.654411764705882,0.224264705882353
"IN-6260-6627","Riverton Parke Jr-Sr High School",0,450,0.944086021505376,0.0494623655913978,0.511827956989247,0.333333333333333,0.555555555555556,85,0.7625,0.213333333333333,0.324324324324324,0.594594594594595,0.540540540540541,0.0540540540540541,0.837837837837838,0.459459459459459,0.0405405405405405,1,0
"IN-2645-2173","Rochester Community High School",0,502,0.875247524752475,0.0633663366336634,0.455445544554455,0.218181818181818,0.537037037037037,115,0.6014,0.163346613545817,0.376068376068376,0.504273504273504,0.581196581196581,0.0170940170940171,0.547008547008547,0.324786324786325,0.11965811965812,0.965811965811966,0.0170940170940171
"IN-1180-1021","Rossville Middle/Senior High Sch",0,522,0.943327239488117,0.0292504570383912,0.241316270566728,0.337209302325581,0.729411764705882,83,0.6849,0.114942528735632,0.486842105263158,0.434210526315789,0.697368421052632,0.0394736842105263,0.671052631578947,0.210526315789474,0.223684210526316,0.342105263157895,0.171052631578947
"IN-6995-7285","Rushville Consolidated High School",0,697,0.935251798561151,0.0244604316546763,0.454676258992806,0.505747126436782,0.645714285714286,180,0.809,0.119081779053085,0.162790697674419,0.494186046511628,0.529069767441861,0.0523255813953488,0.593023255813954,0.482558139534884,0.0872093023255814,0.825581395348837,0.0465116279069767
"IN-8205-8857","Salem High School",0,567,0.966417910447761,0.00559701492537313,0.436567164179104,0.333333333333333,0.606060606060606,156,0.8594,0.194003527336861,0.21969696969697,0.681818181818182,0.53030303030303,0.0454545454545455,0.651515151515151,0.454545454545455,0.0757575757575758,0.803030303030303,0.0681818181818182
"IN-7255-7641","Scottsburg Senior High School",0,789,0.93875,0.02875,0.49375,0.293269230769231,0.605769230769231,203,0.805,0.190114068441065,0.321212121212121,0.484848484848485,0.484848484848485,0.0424242424242424,0.703030303030303,0.478787878787879,0.0666666666666667,0.721212121212121,0.103030303030303
"IN-3675-3133","Seymour Senior High School",0,1522,0.671854734111543,0.280804150453956,0.468871595330739,0.272189349112426,0.542772861356932,376,0.8111,0.139947437582129,0.34982332155477,0.438162544169611,0.565371024734982,0.0671378091872792,0.745583038869258,0.402826855123675,0.148409893992933,0.639575971731449,0.180212014134276
"IN-2960-2445","Shakamak Jr-Sr High School",0,348,0.979041916167665,0.0149700598802395,0.458083832335329,0.387096774193548,0.67741935483871,45,0.9412,0.129310344827586,0.46551724137931,0.327586206896552,0.672413793103448,0.0517241379310345,0.913793103448276,0.46551724137931,0.0862068965517241,0.775862068965517,0
"IN-7365-7717","Shelbyville Sr High School",0,1164,0.772649572649573,0.138461538461538,0.481196581196581,0.441780821917808,0.65979381443299,280,0.5544,0.146907216494845,0.427450980392157,0.411764705882353,0.596078431372549,0.00392156862745098,0.725490196078431,0.388235294117647,0.109803921568627,0.615686274509804,0.215686274509804
"IN-3435-2817","Shenandoah High School",0,451,0.927400468384075,0.0257611241217799,0.311475409836066,0.351851851851852,0.719626168224299,129,0.875,0.124168514412417,0.340659340659341,0.593406593406593,0.692307692307692,0.021978021978022,0.912087912087912,0.373626373626374,0.10989010989011,0.692307692307692,0.0879120879120879
"IN-0035-0023","South Adams High School",0,355,0.851851851851852,0.0883190883190883,0.336182336182336,0.430232558139535,0.604651162790698,105,0.7671,0.0985915492957746,0.203703703703704,0.611111111111111,0.564814814814815,0.0555555555555556,0.731481481481482,0.416666666666667,0.111111111111111,0.694444444444444,0.157407407407407
"IN-4940-4737","South Central Jr-Sr High School",0,463,0.892241379310345,0.0754310344827586,0.327586206896552,0.2375,0.7375,83,0.9529,0.0950323974082073,0.511904761904762,0.345238095238095,0.607142857142857,0,0.75,0.369047619047619,0.166666666666667,0.642857142857143,0.119047619047619
"IN-3190-2670","South Central Jr & Sr High School",0,391,0.946478873239437,0.0225352112676056,0.425352112676056,0.264150943396226,0.660377358490566,58,0.4318,0.161125319693095,0.2,0.688888888888889,0.444444444444444,0.0222222222222222,0.622222222222222,0.466666666666667,0.0666666666666667,0.844444444444444,0.0444444444444444
"IN-1600-1179","South Dearborn High School",0,834,0.961842105263158,0.0131578947368421,0.388157894736842,0.239024390243902,0.580487804878049,196,0.719,0.169064748201439,0.217616580310881,0.419689119170984,0.507772020725389,0.0673575129533679,0.704663212435233,0.829015544041451,0.0518134715025907,0.958549222797927,0.0207253886010363
"IN-1655-1263","South Decatur Jr-Sr High School",0,463,0.948314606741573,0.0337078651685393,0.471910112359551,0.373493975903614,0.662650602409639,82,0.7971,0.222462203023758,0.430769230769231,0.461538461538462,0.538461538461538,0,0.938461538461538,0.476923076923077,0.0461538461538462,0.430769230769231,0.0461538461538462
"IN-4325-3490","South Knox Middle-High School",0,558,0.967241379310345,0.0137931034482759,0.313793103448276,0.430379746835443,0.632911392405063,89,0.8989,0.100358422939068,0.451219512195122,0.353658536585366,0.75609756097561,0.170731707317073,0.731707317073171,0.48780487804878,0.0731707317073171,1,0
"IN-5995-6417","South Newton Senior High School",0,225,0.857707509881423,0.122529644268775,0.537549407114625,0.333333333333333,0.684210526315789,54,0.7586,0.115555555555556,0.307692307692308,0.641025641025641,0.743589743589744,0.230769230769231,0.769230769230769,0.205128205128205,0.128205128205128,0.58974358974359,0.153846153846154
"IN-6705-7071","South Putnam High School",0,370,0.951156812339332,0.0231362467866324,0.359897172236504,0.23469387755102,0.591836734693878,81,0.908,0.127027027027027,0.168674698795181,0.674698795180723,0.566265060240964,0.036144578313253,0.698795180722892,0.373493975903614,0.072289156626506,0.566265060240964,0.156626506024096
"IN-6865-7182","South Ripley High School",0,380,0.943589743589744,0.0256410256410256,0.494871794871795,0.364705882352941,0.588235294117647,103,0.7159,0.176315789473684,0.333333333333333,0.430555555555556,0.541666666666667,0.0277777777777778,0.708333333333333,0.541666666666667,0.0277777777777778,0.861111111111111,0.0138888888888889
"IN-7445-7795","South Spencer High School",0,421,0.911616161616162,0.0328282828282828,0.414141414141414,0.378947368421053,0.608247422680412,106,0.8496,0.125890736342043,0.384615384615385,0.362637362637363,0.637362637362637,0.043956043956044,0.516483516483517,0.296703296703297,0.142857142857143,0.582417582417582,0.175824175824176
"IN-8020-8432","South Vermillion High School",0,544,0.945155393053016,0.0237659963436929,0.449725776965265,0.26530612244898,0.482993197278912,137,0.7109,0.176470588235294,0.4,0.508333333333333,0.708333333333333,0.075,0.741666666666667,0.55,0.0666666666666667,0.533333333333333,0.108333333333333
"IN-8425-9058","Southern Wells Jr-Sr High School",0,403,0.967661691542289,0.0174129353233831,0.353233830845771,0.371428571428571,0.671428571428571,70,0.9254,0.126550868486352,0.283582089552239,0.567164179104478,0.567164179104478,0.0298507462686567,0.582089552238806,0.73134328358209,0.0447761194029851,0.686567164179104,0.119402985074627
"IN-5845-6257","Southmont Sr High School",0,507,0.946830265848671,0.0224948875255624,0.366053169734151,0.30327868852459,0.581967213114754,121,0.9244,0.142011834319527,0.225806451612903,0.685483870967742,0.620967741935484,0.104838709677419,0.669354838709677,0.32258064516129,0.104838709677419,0.798387096774194,0.0403225806451613
"IN-4000-3337","Southwestern High School",0,374,0.923705722070845,0.0354223433242507,0.463215258855586,0.188888888888889,0.593406593406593,105,0.8778,0.163101604278075,0.32,0.506666666666667,0.48,0.0266666666666667,0.666666666666667,0.413333333333333,0.106666666666667,0.733333333333333,0.186666666666667
"IN-7360-7701","Southwestern High School",0,298,0.933085501858736,0.0483271375464684,0.323420074349442,0.409090909090909,0.727272727272727,35,0.8939,0.12751677852349,0.491228070175439,0.403508771929825,0.736842105263158,0,0.859649122807018,0.368421052631579,0.140350877192982,0.403508771929825,0.263157894736842
"IN-8050-8655","Southwood Jr-Sr High School",0,405,0.926395939086294,0.0304568527918782,0.357868020304569,0.422535211267606,0.619718309859155,55,0.9722,0.0987654320987654,0.245901639344262,0.475409836065574,0.540983606557377,0,0.508196721311475,0.459016393442623,0.147540983606557,0.655737704918033,0.180327868852459
"IN-6160-6589","Springs Valley Comm High School",0,468,0.842767295597484,0.0419287211740042,0.488469601677149,0.448275862068966,0.672413793103448,56,0.8923,0.166666666666667,0.229166666666667,0.520833333333333,0.625,0.145833333333333,0.6875,0.375,0.0833333333333333,1,0
"IN-7715-7957","Sullivan High School",0,549,0.945945945945946,0.0212355212355212,0.409266409266409,0.425373134328358,0.611940298507463,126,0.9643,0.134790528233151,0.3125,0.53125,0.7109375,0.1484375,0.734375,0.3828125,0.0546875,0.6015625,0.0703125
"IN-7775-7993","Switzerland Co Senior High School",0,407,0.957393483709273,0.0150375939849624,0.49874686716792,0.202127659574468,0.425531914893617,128,0.8478,0.174447174447174,0.24,0.73,0.41,0.06,0.79,0.57,0,0.66,0.02
"IN-3460-2894","Taylor High School",0,379,0.738292011019284,0.0716253443526171,0.526170798898072,0.3875,0.617283950617284,91,0.6296,0.226912928759894,0.313432835820896,0.611940298507463,0.656716417910448,0.0746268656716418,0.552238805970149,0.358208955223881,0.0746268656716418,0.626865671641791,0.0447761194029851
"IN-8130-8772","Tecumseh High School",0,302,0.943333333333333,0.0133333333333333,0.296666666666667,0.625,0.683544303797468,66,0.7179,0.188741721854305,0.266666666666667,0.433333333333333,0.566666666666667,0,0.733333333333333,0.55,0.133333333333333,0.716666666666667,0.0833333333333333
"IN-6350-6741","Tell City Jr-Sr High School",0,644,0.929712460063898,0.0207667731629393,0.431309904153355,0.583333333333333,0.678571428571429,124,0.7795,0.142857142857143,0.262626262626263,0.545454545454545,0.686868686868687,0.161616161616162,0.797979797979798,0.323232323232323,0.202020202020202,0.707070707070707,0.171717171717172
"IN-4445-3602","Tippecanoe Valley High School",0,544,0.827272727272727,0.145454545454545,0.489090909090909,0.31496062992126,0.62992125984252,146,0.8792,0.174632352941176,0.293706293706294,0.657342657342657,0.496503496503497,0.0839160839160839,0.433566433566434,0.468531468531469,0.0769230769230769,0.783216783216783,0.020979020979021
"IN-7945-8177","Tipton High School",0,505,0.921443736730361,0.0424628450106157,0.335456475583864,0.358778625954198,0.576923076923077,118,0.8582,0.108910891089109,0.358778625954198,0.480916030534351,0.618320610687023,0.0229007633587786,0.572519083969466,0.32824427480916,0.106870229007634,0.633587786259542,0.229007633587786
"IN-8535-9141","Tri-County Middle-Senior High",0,318,0.893292682926829,0.0762195121951219,0.356707317073171,0.34,0.62,47,0.6731,0.223270440251572,0.416666666666667,0.5,0.520833333333333,0.0208333333333333,0.875,0.354166666666667,0.0625,0.791666666666667,0.0833333333333333
"IN-3295-2731","Tri-West Senior High School",0,590,0.950963222416813,0.0140105078809107,0.189141856392294,0.574626865671642,0.759124087591241,159,0.9236,0.1,0.378787878787879,0.568181818181818,0.674242424242424,0.0378787878787879,0.765151515151515,0.310606060606061,0.181818181818182,0.71969696969697,0.136363636363636
"IN-7935-8155","Tri Central Middle-High School",0,401,0.877403846153846,0.0769230769230769,0.391826923076923,0.271186440677966,0.576271186440678,61,0.4688,0.13216957605985,0.428571428571429,0.467532467532468,0.623376623376623,0.012987012987013,0.441558441558442,0.168831168831169,0.168831168831169,0.376623376623377,0.311688311688312
"IN-3415-2773","Tri Junior-Senior High School",0,410,0.957845433255269,0.0163934426229508,0.430913348946136,0.293103448275862,0.586206896551724,66,0.9483,0.136585365853659,0.388888888888889,0.444444444444444,0.513888888888889,0,0.902777777777778,0.333333333333333,0.0277777777777778,0.875,0
"IN-7350-7689","Triton Central High School",0,467,0.925101214574899,0.0303643724696356,0.291497975708502,0.401574803149606,0.7421875,119,0.86,0.134903640256959,0.465909090909091,0.386363636363636,0.727272727272727,0.0113636363636364,0.761363636363636,0.329545454545455,0.136363636363636,1,0
"IN-5495-5923","Triton Jr-Sr High School",0,412,0.909090909090909,0.053030303030303,0.409090909090909,0.555555555555556,0.73015873015873,75,0.8434,0.0800970873786408,0.357142857142857,0.428571428571429,0.517857142857143,0,0.732142857142857,0.428571428571429,0.107142857142857,0.75,0.142857142857143
"IN-8565-9149","Twin Lakes Senior High School",0,770,0.805369127516778,0.128859060402685,0.484563758389262,0.285714285714286,0.622950819672131,180,0.815,0.122077922077922,0.364779874213836,0.534591194968553,0.654088050314465,0.0566037735849057,0.723270440251572,0.308176100628931,0.150943396226415,0.540880503144654,0.188679245283019
"IN-6835-7161","Union City Community Jr/Sr High",0,373,0.734848484848485,0.214646464646465,0.588383838383838,0.111111111111111,0.34375,74,0.9242,0.144772117962467,0.273972602739726,0.561643835616438,0.561643835616438,0.0958904109589041,0.780821917808219,0.424657534246575,0.0684931506849315,0.726027397260274,0.0410958904109589
"IN-7950-8193","Union County High School",0,422,0.946210268948655,0.019559902200489,0.452322738386308,0.380165289256198,0.710743801652893,105,0.8105,0.177725118483412,0.27,0.49,0.52,0.01,0.46,0.85,0.01,0.6,0.16
"IN-6795-7119","Union Junior & High School",0,152,0.941176470588235,0.0294117647058824,0.617647058823529,0.285714285714286,0.642857142857143,25,0.5714,0.217105263157895,0.303030303030303,0.484848484848485,0.363636363636364,0.0303030303030303,0.242424242424242,0.636363636363636,0,0.575757575757576,0
"IN-2725-2233","Waldo J Wood Memorial High",0,245,0.975103734439834,0.00829875518672199,0.37344398340249,0.285714285714286,0.4,56,0.7681,0.204081632653061,0.287671232876712,0.301369863013699,0.643835616438356,0.0821917808219178,0.410958904109589,0.452054794520548,0.136986301369863,0.561643835616438,0.0410958904109589
"IN-7285-7665","Waldron Jr-Sr High School",0,272,0.948148148148148,0.0333333333333333,0.503703703703704,0.41304347826087,0.652173913043478,30,0.871,0.132352941176471,0.153846153846154,0.82051282051282,0.461538461538462,0.0256410256410256,0.538461538461538,0.358974358974359,0.102564102564103,0.82051282051282,0.102564102564103
"IN-1895-1375","Wapahani High School",0,360,0.92032967032967,0.0137362637362637,0.431318681318681,0.409638554216867,0.614457831325301,98,0.7822,0.144444444444444,0.347368421052632,0.484210526315789,0.726315789473684,0.0315789473684211,0.726315789473684,0.347368421052632,0.105263157894737,0.715789473684211,0.0736842105263158
"IN-4415-3647","Warsaw Community High School",0,2115,0.719902912621359,0.216990291262136,0.407281553398058,0.353684210526316,0.577167019027484,548,0.8608,0.130023640661939,0.419551934826884,0.468431771894094,0.556008146639511,0.0366598778004073,0.65173116089613,0.372708757637475,0.152749490835031,0.655804480651731,0.219959266802444
"IN-1405-1125","Washington High School",0,751,0.719613259668508,0.19475138121547,0.569060773480663,0.303191489361702,0.53475935828877,180,0.6548,0.22237017310253,0.300578034682081,0.53757225433526,0.658959537572254,0.208092485549133,0.601156069364162,0.416184971098266,0.109826589595376,0.664739884393064,0.109826589595376
"IN-6510-6849","Washington Twp Middle/High School",0,473,0.835390946502058,0.117283950617284,0.286008230452675,0.492753623188406,0.855072463768116,70,0.9028,0.147991543340381,0.538461538461538,0.326923076923077,0.788461538461538,0.0384615384615385,0.788461538461538,0.230769230769231,0.192307692307692,0.711538461538462,0.0769230769230769
"IN-4345-3639","Wawasee High School",0,939,0.83695652173913,0.115217391304348,0.392391304347826,0.283582089552239,0.610837438423645,256,0.8326,0.169329073482428,0.383495145631068,0.412621359223301,0.577669902912621,0.0485436893203883,0.597087378640777,0.349514563106796,0.106796116504854,0.79126213592233,0.135922330097087
"IN-1885-1372","Wes-Del Middle/Senior High School",0,479,0.924568965517241,0.0495689655172414,0.506465517241379,0.148148148148148,0.545454545454545,83,0.8214,0.173277661795407,0.508771929824561,0.403508771929825,0.719298245614035,0.0175438596491228,0.771929824561403,0.280701754385965,0.105263157894737,0.56140350877193,0.157894736842105
"IN-6630-7025","West Central Senior High School",0,262,0.890756302521008,0.0672268907563025,0.525210084033613,0.196969696969697,0.636363636363636,62,0.8571,0.183206106870229,0.365079365079365,0.523809523809524,0.650793650793651,0.0476190476190476,0.80952380952381,0.412698412698413,0.158730158730159,0.904761904761905,0.0317460317460317
"IN-6065-6489","West Noble High School",0,683,0.486211901306241,0.502177068214804,0.507982583454282,0.283783783783784,0.510204081632653,186,0.8364,0.118594436310395,0.352112676056338,0.514084507042254,0.52112676056338,0.0352112676056338,0.661971830985915,0.422535211267606,0.0633802816901408,0.725352112676056,0.028169014084507
"IN-8030-8453","West Vigo High School",0,590,0.940035273368607,0.0141093474426808,0.46031746031746,0.263888888888889,0.594405594405594,148,0.8915,0.189830508474576,0.396396396396396,0.558558558558559,0.72972972972973,0.135135135135135,0.891891891891892,0.297297297297297,0.0900900900900901,0.567567567567568,0.144144144144144
"IN-8220-8869","West Washington Jr-Sr High School",0,408,0.948837209302326,0.0325581395348837,0.47906976744186,0.271604938271605,0.658536585365854,57,0.8909,0.16421568627451,0.278688524590164,0.590163934426229,0.459016393442623,0.0491803278688525,0.573770491803279,0.409836065573771,0.0655737704918033,0.442622950819672,0.0491803278688525
"IN-0615-0539","Western Boone Jr-Sr High School",0,781,0.949937421777222,0.0275344180225282,0.324155193992491,0.239130434782609,0.550724637681159,128,0.937,0.167733674775928,0.430894308943089,0.544715447154472,0.617886178861789,0.0650406504065041,0.845528455284553,0.308943089430894,0.105691056910569,0.585365853658537,0.227642276422764
"IN-3490-2921","Western High School",0,850,0.875615763546798,0.0270935960591133,0.238916256157635,0.442105263157895,0.677248677248677,230,0.9136,0.132941176470588,0.525139664804469,0.391061452513966,0.759776536312849,0.0167597765363128,0.804469273743017,0.223463687150838,0.240223463687151,0.664804469273743,0.173184357541899
"IN-4525-3697","Westview Jr-Sr High School",0,791,0.933588761174968,0.0446998722860792,0.328224776500639,0.688888888888889,0.788888888888889,105,0.8952,0.164348925410872,0.465116279069767,0.383720930232558,0.581395348837209,0,0.488372093023256,0.348837209302326,0.162790697674419,0.674418604651163,0.151162790697674
"IN-4860-4701","Westville High School",0,451,0.838862559241706,0.0616113744075829,0.395734597156398,0.22972972972973,0.445945945945946,77,0.9024,0.130820399113082,0.17741935483871,0.645161290322581,0.532258064516129,0.032258064516129,0.516129032258065,0.564516129032258,0.032258064516129,0.758064516129032,0.032258064516129
"IN-6530-6841","Wheeler High School",0,536,0.826883910386965,0.118126272912424,0.228105906313646,0.474576271186441,0.627118644067797,128,0.8827,0.177238805970149,0.387596899224806,0.457364341085271,0.589147286821705,0.0155038759689922,0.589147286821705,0.387596899224806,0.186046511627907,0.713178294573643,0.186046511627907
"IN-2980-2429","White River Valley High School",0,275,0.886178861788618,0.0609756097560976,0.426829268292683,0.245614035087719,0.631578947368421,76,0.5797,0.123636363636364,0.444444444444444,0.444444444444444,0.6,0.155555555555556,0.644444444444444,0.377777777777778,0.0444444444444444,0.888888888888889,0.0222222222222222
"IN-4455-9191","Whitko High School",0,653,0.925465838509317,0.0450310559006211,0.368012422360248,0.239583333333333,0.663157894736842,120,0.7607,0.192955589586524,0.413223140495868,0.504132231404959,0.528925619834711,0.0247933884297521,0.669421487603306,0.446280991735537,0.115702479338843,0.512396694214876,0.173553719008264
"IN-0940-0813","William W Borden High School",0,325,0.943452380952381,0.0297619047619048,0.282738095238095,0.38,0.58,50,0.9362,0.221538461538462,0.446428571428571,0.535714285714286,0.642857142857143,0.0892857142857143,0.928571428571429,0.303571428571429,0.0535714285714286,0.482142857142857,0.142857142857143
"IN-6620-6997","Winamac Community High School",0,376,0.910614525139665,0.0418994413407821,0.405027932960894,0.514705882352941,0.728571428571429,112,0.5543,0.117021276595745,0.290697674418605,0.581395348837209,0.511627906976744,0.0116279069767442,0.755813953488372,0.395348837209302,0.0813953488372093,0.744186046511628,0.0232558139534884
"IN-0255-0285","Woodlan Jr/Sr High School",0,706,0.892005610098177,0.0364656381486676,0.276297335203366,0.380165289256198,0.652892561983471,147,0.7245,0.147308781869688,0.349593495934959,0.560975609756098,0.552845528455285,0.040650406504065,0.544715447154472,0.365853658536585,0.0813008130081301,0.585365853658537,0.0731707317073171
